{"cameraMode":{"drawMode":0,"name":"Shaded","section":"Shading Mode"},"sceneLighting":false,"audioPlay":false,"sceneViewState":{"m_AlwaysRefresh":false,"showFog":true,"showSkybox":false,"showFlares":true,"showImageEffects":true,"showParticleSystems":true,"showVisualEffectGraphs":true,"m_FxEnabled":true},"in2DMode":false,"pivot":{"x":34.70769500732422,"y":-3.2869787216186525,"z":131.42103576660157},"rotation":{"x":-0.02684352733194828,"y":-0.02260061353445053,"z":0.000589160539675504,"w":-0.9994494318962097},"size":1.5197590589523316,"orthographic":false}