{"cameraMode":{"drawMode":0,"name":"Shaded","section":"Shading Mode"},"sceneLighting":false,"audioPlay":false,"sceneViewState":{"m_AlwaysRefresh":false,"showFog":true,"showSkybox":false,"showFlares":true,"showImageEffects":true,"showParticleSystems":true,"showVisualEffectGraphs":true,"m_FxEnabled":true},"in2DMode":false,"pivot":{"x":-13.289999961853028,"y":0.8174673318862915,"z":23.670000076293947},"rotation":{"x":0.13454997539520265,"y":-0.09448474645614624,"z":0.013834192417562008,"w":0.9866990447044373},"size":1.6068049669265748,"orthographic":false}